<application>
  <component name="DiscordApplicationSettings">
    <option name="show" value="true" />
    <option name="applicationDetailsCustom" value="" />
    <option name="applicationStateCustom" value="" />
    <option name="applicationIconLargeTextCustom" value="" />
    <option name="applicationIconSmallTextCustom" value="" />
    <option name="applicationTime" value="APPLICATION" />
    <option name="projectDetailsCustom" value="" />
    <option name="projectStateCustom" value="" />
    <option name="projectIconLargeTextCustom" value="" />
    <option name="projectIconSmallTextCustom" value="" />
    <option name="projectTime" value="APPLICATION" />
    <option name="fileDetailsCustom" value="" />
    <option name="fileStateCustom" value="" />
    <option name="fileIconLarge" value="APPLICATION" />
    <option name="fileIconLargeText" value="APPLICATION_VERSION" />
    <option name="fileIconLargeTextCustom" value="" />
    <option name="fileIconSmall" value="FILE" />
    <option name="fileIconSmallText" value="FILE_LANGUAGE" />
    <option name="fileIconSmallTextCustom" value="" />
    <option name="fileTime" value="APPLICATION" />
    <option name="filePrefixEnabled" value="false" />
    <option name="fileHideVcsIgnored" value="true" />
    <option name="applicationType" value="IDE" />
    <option name="theme" value="classic" />
    <option name="applicationLastUpdateNotification" value="1.7.1" />
  </component>
</application>