<application>
  <component name="com.kagof.intellij.plugins.pokeprogress.configuration.PokemonProgressState">
    <option name="pokemonNumbersEnabled">
      <map>
        <entry key="001" value="true" />
        <entry key="003" value="true" />
        <entry key="004" value="true" />
        <entry key="006" value="true" />
        <entry key="007" value="true" />
        <entry key="009" value="true" />
        <entry key="012" value="true" />
        <entry key="025" value="true" />
        <entry key="031" value="true" />
        <entry key="034" value="true" />
        <entry key="039" value="true" />
        <entry key="050" value="true" />
        <entry key="051" value="true" />
        <entry key="052" value="true" />
        <entry key="054" value="true" />
        <entry key="055" value="true" />
        <entry key="065" value="true" />
        <entry key="068" value="true" />
        <entry key="079" value="true" />
        <entry key="081" value="true" />
        <entry key="094" value="true" />
        <entry key="109" value="true" />
        <entry key="123" value="true" />
        <entry key="130" value="true" />
        <entry key="133" value="true" />
        <entry key="134" value="true" />
        <entry key="135" value="true" />
        <entry key="136" value="true" />
        <entry key="143" value="true" />
        <entry key="144" value="true" />
        <entry key="145" value="true" />
        <entry key="146" value="true" />
        <entry key="149" value="true" />
        <entry key="150" value="true" />
        <entry key="151" value="true" />
        <entry key="152" value="true" />
        <entry key="154" value="true" />
        <entry key="155" value="true" />
        <entry key="157" value="true" />
        <entry key="158" value="true" />
        <entry key="160" value="true" />
        <entry key="175" value="true" />
        <entry key="196" value="true" />
        <entry key="197" value="true" />
        <entry key="202" value="true" />
        <entry key="243" value="true" />
        <entry key="244" value="true" />
        <entry key="245" value="true" />
        <entry key="249" value="true" />
        <entry key="250" value="true" />
        <entry key="251" value="true" />
        <entry key="252" value="true" />
        <entry key="254" value="true" />
        <entry key="255" value="true" />
        <entry key="257" value="true" />
        <entry key="258" value="true" />
        <entry key="260" value="true" />
        <entry key="320" value="true" />
        <entry key="321" value="true" />
        <entry key="380" value="true" />
        <entry key="381" value="true" />
        <entry key="382" value="true" />
        <entry key="383" value="true" />
        <entry key="384" value="true" />
        <entry key="385" value="true" />
        <entry key="386" value="true" />
        <entry key="387" value="true" />
        <entry key="389" value="true" />
        <entry key="390" value="true" />
        <entry key="392" value="true" />
        <entry key="393" value="true" />
        <entry key="395" value="true" />
        <entry key="470" value="true" />
        <entry key="471" value="true" />
        <entry key="495" value="true" />
        <entry key="497" value="true" />
        <entry key="498" value="true" />
        <entry key="500" value="true" />
        <entry key="501" value="true" />
        <entry key="503" value="true" />
        <entry key="650" value="true" />
        <entry key="652" value="true" />
        <entry key="653" value="true" />
        <entry key="655" value="true" />
        <entry key="656" value="true" />
        <entry key="658" value="true" />
        <entry key="700" value="true" />
        <entry key="722" value="true" />
        <entry key="724" value="true" />
        <entry key="725" value="true" />
        <entry key="727" value="true" />
        <entry key="728" value="true" />
        <entry key="730" value="true" />
        <entry key="778" value="true" />
        <entry key="810" value="true" />
        <entry key="812" value="true" />
        <entry key="813" value="true" />
        <entry key="815" value="true" />
        <entry key="816" value="true" />
        <entry key="818" value="true" />
        <entry key="831" value="true" />
        <entry key="888" value="true" />
        <entry key="889" value="true" />
      </map>
    </option>
    <option name="theme" value="smooth" />
  </component>
</application>