<application>
  <component name="FileTypeManager" version="18">
    <extensionMap>
      <mapping pattern="pack.mcmeta" type="JSON" />
      <mapping pattern="mcmod.info" type="JSON" />
      <mapping ext="space.kts" type="Kotlin" />
      <mapping ext="gradle.kts" type="Kotlin" />
      <mapping ext="main.kts" type="Kotlin" />
      <mapping pattern="PARTICLE.js" type="PLAIN_TEXT" />
      <mapping ext="mcmeta" type="PLAIN_TEXT" />
      <mapping ext="dat" type="PLAIN_TEXT" />
      <removed_mapping ext="apk" approved="true" type="ARCHIVE" />
      <removed_mapping ext="cmd" approved="true" type="Cmd" />
      <removed_mapping ext="psd" approved="true" type="Adobe Photoshop" />
      <removed_mapping ext="trg" approved="true" type="PLAIN_TEXT" />
      <removed_mapping pattern=".trg" approved="true" type="TriggerReactor" />
    </extensionMap>
  </component>
</application>