<filetype binary="false" default_extension="trg" description="TriggerReactor" name="TriggerReactor">
  <highlighting>
    <options>
      <option name="LINE_COMMENT" value="//" />
      <option name="COMMENT_START" value="" />
      <option name="COMMENT_END" value="" />
      <option name="HEX_PREFIX" value="" />
      <option name="NUM_POSTFIXES" value="" />
      <option name="HAS_BRACES" value="true" />
      <option name="HAS_BRACKETS" value="true" />
      <option name="HAS_PARENS" value="true" />
      <option name="HAS_STRING_ESCAPES" value="true" />
    </options>
    <keywords keywords="async;else;elseif;endasync;endfor;endif;endsync;endwhile;for;if;import;null;sync;while" ignore_case="true" />
    <keywords2 keywords="!;!=;&amp;&amp;;+;-;&lt;;&lt;=;=;==;&gt;;&gt;=;is;||" />
    <keywords3 keywords="#actionbar;#broadcast;#burn;#call;#clearchat;#clearentity;#clearpotion;#closegui;#cmd;#cmdcon;#debug;#doorclose;#dooropen;#doortoggle;#dropitem;#explosion;#fallingblock;#give;#gui;#itemframerotate;#itemframeset;#kick;#kill;#leveroff;#leveron;#levertoggle;#lightning;#log;#message;#modifyhelditem;#modifyplayer;#money;#mysql;#particleredstone;#permission;#potion;#push;#rotateblock;#scoreboard;#server;#setblock;#setcount;#setflymode;#setflyspeed;#setfood;#setgamemode;#sethealth;#sethelditem;#setitemlore;#setitemname;#setmaxhealth;#setoffhand;#setplayerinv;#setsaturation;#setslot;#settype;#setwalkspeed;#setxp;#signedit;#sound;#soundall;#spawn;#time;#tp;#tppos;#velocity;#wait;#weather">
      <keyword name=";" />
    </keywords3>
    <keywords4 keywords="$vector3mix" />
  </highlighting>
  <extensionMap>
    <mapping ext="trg" />
  </extensionMap>
</filetype>