<application>
  <component name="DiscordApplicationSettings">
    <option name="show" value="true" />
    <option name="timeoutMinutes" value="3" />
    <option name="timeoutResetTimeEnabled" value="false" />
    <option name="idle" value="IDLE" />
    <option name="applicationDetails" value="APPLICATION_VERSION" />
    <option name="applicationDetailsCustom" value="" />
    <option name="applicationState" value="APPLICATION_VERSION" />
    <option name="applicationStateCustom" value="" />
    <option name="applicationIconLargeTextCustom" value="" />
    <option name="applicationIconSmallTextCustom" value="" />
    <option name="applicationTime" value="APPLICATION" />
    <option name="projectDetails" value="PROJECT_NAME_DESCRIPTION" />
    <option name="projectDetailsCustom" value="" />
    <option name="projectStateCustom" value="" />
    <option name="projectIconLargeTextCustom" value="" />
    <option name="projectIconSmallTextCustom" value="" />
    <option name="projectTime" value="APPLICATION" />
    <option name="fileDetails" value="PROJECT_NAME" />
    <option name="fileDetailsCustom" value="" />
    <option name="fileState" value="FILE_NAME" />
    <option name="fileStateCustom" value="" />
    <option name="fileIconLarge" value="APPLICATION" />
    <option name="fileIconLargeText" value="APPLICATION_VERSION" />
    <option name="fileIconLargeTextCustom" value="" />
    <option name="fileIconSmall" value="FILE" />
    <option name="fileIconSmallText" value="FILE_LANGUAGE" />
    <option name="fileIconSmallTextCustom" value="" />
    <option name="fileTime" value="APPLICATION" />
    <option name="filePrefixEnabled" value="false" />
    <option name="fileHideVcsIgnored" value="false" />
    <option name="applicationType" value="IDE_EDITION" />
    <option name="theme" value="classic" />
    <option name="applicationLastUpdateNotification" value="1.8.0" />
  </component>
</application>