<code_scheme name="Default" version="173">
  <JSCodeStyleSettings version="0">
    <option name="VAR_DECLARATION_WRAP" value="2" />
    <option name="OBJECT_LITERAL_WRAP" value="2" />
  </JSCodeStyleSettings>
  <codeStyleSettings language="JavaScript">
    <option name="METHOD_BRACE_STYLE" value="2" />
    <option name="ALIGN_MULTILINE_CHAINED_METHODS" value="true" />
    <option name="CALL_PARAMETERS_WRAP" value="1" />
    <option name="METHOD_PARAMETERS_WRAP" value="1" />
    <option name="EXTENDS_LIST_WRAP" value="1" />
    <option name="METHOD_CALL_CHAIN_WRAP" value="2" />
    <option name="KEEP_SIMPLE_BLOCKS_IN_ONE_LINE" value="true" />
    <option name="KEEP_SIMPLE_METHODS_IN_ONE_LINE" value="true" />
    <option name="ARRAY_INITIALIZER_WRAP" value="1" />
    <option name="IF_BRACE_FORCE" value="3" />
    <option name="DOWHILE_BRACE_FORCE" value="3" />
    <option name="WHILE_BRACE_FORCE" value="3" />
    <option name="FOR_BRACE_FORCE" value="3" />
  </codeStyleSettings>
</code_scheme>